Código;Peça;Preço (R$);Tamanhos;Base do preço
MJX-011;Conjunto top + short;79,90;P, M, G;estimativa nível Shopee (cerca de 40% abaixo da mediana de lojas fitness, que era R$ 134,90)
MJX-022;Macaquinho;74,90;P, M, G;estimativa nível Shopee (cerca de 40% abaixo da mediana de lojas fitness, que era R$ 125,90)
Tj-027;Conjunto top + short com listras;79,90;P, M, G;estimativa nível Shopee (cerca de 40% abaixo da mediana de lojas fitness, que era R$ 134,90)
YQ-28;Macaquinho com debrum;74,90;P, M, G;estimativa nível Shopee (cerca de 40% abaixo da mediana de lojas fitness, que era R$ 125,90)
YQ-164;Conjunto top + short;79,90;P, M, G;estimativa nível Shopee (cerca de 40% abaixo da mediana de lojas fitness, que era R$ 134,90)
YQ-215;Conjunto top recortado + legging;94,90;P, M, G;estimativa nível Shopee (cerca de 40% abaixo da mediana de lojas fitness, que era R$ 158,90)
YQ-218;Macaquinho listras na perna;74,90;P, M, G;estimativa nível Shopee (cerca de 40% abaixo da mediana de lojas fitness, que era R$ 125,90)
YQ-219;Macacão longo listras na perna;99,90;P, M, G;estimativa nível Shopee (cerca de 40% abaixo da mediana de lojas fitness, que era R$ 173,90)
YQ-221;Macacão longo com zíper;99,90;P, M, G;estimativa nível Shopee (cerca de 40% abaixo da mediana de lojas fitness, que era R$ 173,90)
YQ-222;Conjunto top tiras + short;79,90;P, M, G;estimativa nível Shopee (cerca de 40% abaixo da mediana de lojas fitness, que era R$ 134,90)
YQ-223;Conjunto top tiras + legging;94,90;P, M, G;estimativa nível Shopee (cerca de 40% abaixo da mediana de lojas fitness, que era R$ 158,90)
YQ-224;Conjunto top tiras + short;79,90;P, M, G;estimativa nível Shopee (cerca de 40% abaixo da mediana de lojas fitness, que era R$ 134,90)
YQ-225;Conjunto top + legging;94,90;P, M, G;estimativa nível Shopee (cerca de 40% abaixo da mediana de lojas fitness, que era R$ 158,90)
YQ-226;Macaquinho costas vazadas;74,90;P, M, G;estimativa nível Shopee (cerca de 40% abaixo da mediana de lojas fitness, que era R$ 125,90)
YQ-227;Calça flare;89,90;P, M, G;estimativa nível Shopee (cerca de 40% abaixo da mediana de lojas fitness, que era R$ 169,90)
YQ-228;Macacão flare sem manga;99,90;P, M, G;estimativa nível Shopee (cerca de 40% abaixo da mediana de lojas fitness, que era R$ 169,90)
YQ-232;Conjunto top + legging;94,90;P, M, G;estimativa nível Shopee (cerca de 40% abaixo da mediana de lojas fitness, que era R$ 158,90)
YQ-236;Conjunto top + short com debrum;79,90;P, M, G;estimativa nível Shopee (cerca de 40% abaixo da mediana de lojas fitness, que era R$ 134,90)
YQ-237;Conjunto top + legging;94,90;P, M, G;estimativa nível Shopee (cerca de 40% abaixo da mediana de lojas fitness, que era R$ 158,90)
YQ-242;Macaquinho com faixa branca;74,90;P, M, G;estimativa nível Shopee (cerca de 40% abaixo da mediana de lojas fitness, que era R$ 125,90)
YQ-243;Macacão longo com faixa branca;99,90;P, M, G;estimativa nível Shopee (cerca de 40% abaixo da mediana de lojas fitness, que era R$ 173,90)
YQ-248;Conjunto top + short com debrum;79,90;P, M, G;estimativa nível Shopee (cerca de 40% abaixo da mediana de lojas fitness, que era R$ 134,90)
YQ-249;Conjunto top + legging com debrum;94,90;P, M, G;estimativa nível Shopee (cerca de 40% abaixo da mediana de lojas fitness, que era R$ 158,90)
YQ-251;Conjunto regata com debrum + legging;94,90;P, M, G;estimativa nível Shopee (cerca de 40% abaixo da mediana de lojas fitness, que era R$ 158,90)
YQ-254;Conjunto top + short;79,90;P, M, G;estimativa nível Shopee (cerca de 40% abaixo da mediana de lojas fitness, que era R$ 134,90)
YQ-255;Conjunto top + legging;94,90;P, M, G;estimativa nível Shopee (cerca de 40% abaixo da mediana de lojas fitness, que era R$ 158,90)
YQ-256;Macaquinho manga curta com debrum;74,90;P, M, G;estimativa nível Shopee (cerca de 40% abaixo da mediana de lojas fitness, que era R$ 125,90)
YQ-257;Macacão longo manga curta;99,90;P, M, G;estimativa nível Shopee (cerca de 40% abaixo da mediana de lojas fitness, que era R$ 173,90)
YQ-260;Conjunto top + short;79,90;P, M, G;estimativa nível Shopee (cerca de 40% abaixo da mediana de lojas fitness, que era R$ 134,90)
YQ-261;Conjunto top + legging;94,90;P, M, G;estimativa nível Shopee (cerca de 40% abaixo da mediana de lojas fitness, que era R$ 158,90)
YQ-262;Conjunto cropped manga curta + short;79,90;P, M, G;estimativa nível Shopee (cerca de 40% abaixo da mediana de lojas fitness, que era R$ 134,90)
YQ-263;Conjunto cropped manga curta + legging;94,90;P, M, G;estimativa nível Shopee (cerca de 40% abaixo da mediana de lojas fitness, que era R$ 158,90)
YQ-265;Conjunto top + legging com debrum;94,90;P, M, G;estimativa nível Shopee (cerca de 40% abaixo da mediana de lojas fitness, que era R$ 158,90)
YQ-268;Conjunto top + short com debrum;79,90;P, M, G;estimativa nível Shopee (cerca de 40% abaixo da mediana de lojas fitness, que era R$ 134,90)
YQ-278;Conjunto top + legging com debrum;94,90;P, M, G;estimativa nível Shopee (cerca de 40% abaixo da mediana de lojas fitness, que era R$ 158,90)
YQ-308;Conjunto cropped manga curta com zíper + short;79,90;P, M, G;estimativa nível Shopee (cerca de 40% abaixo da mediana de lojas fitness, que era R$ 134,90)
YQ-310;Legging tie-dye (empina);64,90;P, M, G;estimativa nível Shopee (cerca de 40% abaixo da mediana de lojas fitness, que era R$ 134,90)
YQ-1109;Macacão longo;99,90;P, M, G;estimativa nível Shopee (cerca de 40% abaixo da mediana de lojas fitness, que era R$ 173,90)
YQ-1116;Conjunto top + legging;94,90;P, M, G;estimativa nível Shopee (cerca de 40% abaixo da mediana de lojas fitness, que era R$ 158,90)
YQ-1129;Macaquinho com zíper;74,90;P, M, G;estimativa nível Shopee (cerca de 40% abaixo da mediana de lojas fitness, que era R$ 125,90)
YQ-1130;Macacão longo com zíper;99,90;P, M, G;estimativa nível Shopee (cerca de 40% abaixo da mediana de lojas fitness, que era R$ 173,90)
YQ-1137;Macaquinho com zíper;74,90;P, M, G;estimativa nível Shopee (cerca de 40% abaixo da mediana de lojas fitness, que era R$ 125,90)
YQ-1140;Macaquinho um ombro;74,90;P, M, G;estimativa nível Shopee (cerca de 40% abaixo da mediana de lojas fitness, que era R$ 125,90)
YQ-1150;Macaquinho;74,90;P, M, G;estimativa nível Shopee (cerca de 40% abaixo da mediana de lojas fitness, que era R$ 125,90)
YQ-1151;Macacão longo com debrum;99,90;P, M, G;estimativa nível Shopee (cerca de 40% abaixo da mediana de lojas fitness, que era R$ 173,90)
YQ-1154;Conjunto top tiras + legging;94,90;P, M, G;estimativa nível Shopee (cerca de 40% abaixo da mediana de lojas fitness, que era R$ 158,90)
YQ-1155;Conjunto top um ombro + short / macaquinho;79,90;P, M, G;estimativa nível Shopee (cerca de 40% abaixo da mediana de lojas fitness, que era R$ 134,90)
YQ-1156;Conjunto top um ombro + legging;94,90;P, M, G;estimativa nível Shopee (cerca de 40% abaixo da mediana de lojas fitness, que era R$ 158,90)
YQ-1159;Macaquinho costas vazadas;74,90;P, M, G;estimativa nível Shopee (cerca de 40% abaixo da mediana de lojas fitness, que era R$ 125,90)
YQ-1162;Macacão longo alça;99,90;P, M, G;estimativa nível Shopee (cerca de 40% abaixo da mediana de lojas fitness, que era R$ 173,90)
YQ-1166;Conjunto top costas cruzadas + legging;94,90;P, M, G;estimativa nível Shopee (cerca de 40% abaixo da mediana de lojas fitness, que era R$ 158,90)
YQ-1167;Macaquinho um ombro;74,90;P, M, G;estimativa nível Shopee (cerca de 40% abaixo da mediana de lojas fitness, que era R$ 125,90)
YQ-1169;Macaquinho costas cruzadas;74,90;P, M, G;estimativa nível Shopee (cerca de 40% abaixo da mediana de lojas fitness, que era R$ 125,90)
YQ-1174;Macacão longo costas vazadas;99,90;P, M, G;estimativa nível Shopee (cerca de 40% abaixo da mediana de lojas fitness, que era R$ 173,90)
YQ-1177;Macaquinho costas cruzadas;74,90;P, M, G;estimativa nível Shopee (cerca de 40% abaixo da mediana de lojas fitness, que era R$ 125,90)
YQ-1179;Conjunto top + legging;94,90;P, M, G;estimativa nível Shopee (cerca de 40% abaixo da mediana de lojas fitness, que era R$ 158,90)
YQ-1180;Macaquinho costas trançadas;74,90;P, M, G;estimativa nível Shopee (cerca de 40% abaixo da mediana de lojas fitness, que era R$ 125,90)
YQ-1181;Macacão longo costas cruzadas;99,90;P, M, G;estimativa nível Shopee (cerca de 40% abaixo da mediana de lojas fitness, que era R$ 173,90)
YQ-1188;Conjunto top + legging;94,90;P, M, G;estimativa nível Shopee (cerca de 40% abaixo da mediana de lojas fitness, que era R$ 158,90)
YQ-1189;Macaquinho com debrum;74,90;P, M, G;estimativa nível Shopee (cerca de 40% abaixo da mediana de lojas fitness, que era R$ 125,90)
YQ-1190;Macacão longo com debrum;99,90;P, M, G;estimativa nível Shopee (cerca de 40% abaixo da mediana de lojas fitness, que era R$ 173,90)
YQ-1191;Macaquinho com debrum;74,90;P, M, G;estimativa nível Shopee (cerca de 40% abaixo da mediana de lojas fitness, que era R$ 125,90)
YQ-1192;Macacão longo com debrum;99,90;P, M, G;estimativa nível Shopee (cerca de 40% abaixo da mediana de lojas fitness, que era R$ 173,90)
YQ-1196;Macacão longo;99,90;P, M, G;estimativa nível Shopee (cerca de 40% abaixo da mediana de lojas fitness, que era R$ 173,90)
YQ-1205;Macaquinho com debrum;74,90;P, M, G;estimativa nível Shopee (cerca de 40% abaixo da mediana de lojas fitness, que era R$ 125,90)
YQ-1207;Macaquinho costas cruzadas com debrum;74,90;P, M, G;estimativa nível Shopee (cerca de 40% abaixo da mediana de lojas fitness, que era R$ 125,90)
YQ-1209;Short com listras laterais;49,90;P, M, G;estimativa nível Shopee (cerca de 40% abaixo da mediana de lojas fitness, que era R$ 85,90)
YQ-1210;Macacão longo alça fina com debrum lateral;99,90;P, M, G;estimativa nível Shopee (cerca de 40% abaixo da mediana de lojas fitness, que era R$ 173,90)
YQ-1212;Macacão longo;99,90;P, M, G;estimativa nível Shopee (cerca de 40% abaixo da mediana de lojas fitness, que era R$ 173,90)
YQ-1213;Macaquinho;74,90;P, M, G;estimativa nível Shopee (cerca de 40% abaixo da mediana de lojas fitness, que era R$ 125,90)
YQ-1219;Macaquinho com zíper e debrum;74,90;P, M, G;estimativa nível Shopee (cerca de 40% abaixo da mediana de lojas fitness, que era R$ 125,90)
