Código;Fotos;Cores;Empina
Tj-027;WA0073;cinza;
YQ-1109;WA0030;azul petróleo;
YQ-1116;WA0107;grafite;
YQ-1129;WA0034;verde oliva;
YQ-1130;WA0040;grafite;
YQ-1137;WA0092 WA0090;marrom;nao
YQ-1140;WA0026;grafite;
YQ-1150;WA0078;rosa terracota, rosa, azul claro, marrom, preto, cinza;nao
YQ-1151;WA0081;rosa terracota, preto, marrom, rosa, azul claro, cinza;nao
YQ-1154;WA0039 WA0115;marrom, verde oliva;
YQ-1155;WA0071;castanho, cinza, verde oliva, azul, preto;nao
YQ-1156;WA0032;preto;
YQ-1159;WA0088;marrom;nao
YQ-1162;WA0025;preto, marrom, rosa, cinza, verde;nao
YQ-1166;WA0098 WA0096;cinza;nao
YQ-1167;WA0042;preto;
YQ-1169;WA0035;azul royal;
YQ-1174;WA0029 WA0070;grafite;
YQ-1177;WA0036;cinza;
YQ-1179;WA0044;marrom, azul, cinza, vermelho, verde;
YQ-1180;WA0027;marrom;
YQ-1181;WA0038;grafite;
YQ-1188;WA0109;cinza, marrom, marinho, vinho, preto;nao
YQ-1189;WA0085;marinho, marrom, preto, vinho, cinza;nao
YQ-1190;WA0054;vinho, preto, marrom, cinza, marinho;
YQ-1191;WA0064;marinho, vinho, marrom, preto, cinza;
YQ-1192;WA0076;preto, marrom, marinho, cinza, vinho;
YQ-1196;WA0062;vinho, cinza, marrom, marinho, preto;nao
YQ-1205;WA0066 WA0105;marinho;nao
YQ-1207;WA0056;vinho, marrom, marinho, cinza, preto;
YQ-1209;WA0106;preto, vinho, marrom, cinza;nao
YQ-1210;WA0060;marinho, preto;
YQ-1212;WA0118;vinho, preto, marinho, cinza, marrom;
YQ-1213;WA0095;marrom;
YQ-1219;WA0050;vinho, preto, marrom, marinho;
YQ-164;WA0117;verde oliva;
YQ-215;WA0087;terracota, azul, verde oliva, cinza, preto;
YQ-218;WA0043;verde sálvia;
YQ-219;WA0028;azul royal;
YQ-221;WA0065;verde oliva;nao
YQ-222;WA0041 WA0114;marrom, preto;
YQ-223;WA0033;azul royal;
YQ-224;WA0116;marrom;
YQ-225;WA0112;azul royal;
YQ-226;WA0063;cinza;nao
YQ-227;WA0055;vinho, marinho, preto, cinza, marrom;
YQ-228;WA0074 WA0075;marrom, taupe;nao
YQ-232;WA0031;marrom, preto;nao
YQ-236;WA0082 WA0080;rosa terracota;nao
YQ-237;WA0086 WA0084;azul claro;nao
YQ-242;WA0061;vinho;
YQ-243;WA0108;vinho;
YQ-248;WA0068;cinza, rosa, azul claro, vinho, preto, marinho;
YQ-249;WA0083;grafite, rosa, azul claro, vinho, preto, marinho;
YQ-251;WA0049;marrom, vinho, marinho, cinza, preto;
YQ-254;WA0111;marinho, rosa, vinho, marrom, azul claro;nao
YQ-255;WA0077;marinho, rosa, vinho, marrom, azul claro;nao
YQ-256;WA0101;marinho, preto, vinho, cinza, marrom;
YQ-257;WA0067;vinho, marinho, preto, marrom;
YQ-260;WA0058;vinho, marinho, preto, marrom, cinza;
YQ-261;WA0079;marinho, vinho, cinza, preto, marrom;
YQ-262;WA0072;marinho, cinza, preto, marrom, vinho;nao
YQ-263;WA0053;marinho, vinho, cinza, preto, marrom;
YQ-265;WA0051 WA0045;marrom, marinho, preto, vinho, cinza;
YQ-268;WA0057 WA0048;marrom, vinho, marinho, preto, cinza;
YQ-278;WA0119;vinho;
YQ-28;WA0047;marinho, vinho, cinza, marrom;
YQ-308;WA0100;azul royal;nao
YQ-310;WA0037;tie-dye cinza e preto, tie-dye rosa, tie-dye azul, tie-dye roxo;sim
